tier,clinic,website,decision_maker,job_title,email,email_type,verified_issue,page_or_cta,proposed_fix,offer,evidence_url,confidence,caveats
READY,Fierce Face Skin Clinic,https://www.fierce-face.com/,Henrietta Hoppenbrouwers,Founder; director,hello@fierce-face.com,GENERAL,"""Whatsapp only"" number linked to mailto; hello@ link 404s",Homepage contact block,Link to wa.me/447376617711 and fix mailto,£120,https://www.fierce-face.com/,HIGH,Surname from Companies House 12235429; not tested on phone
READY,London Aesthetic Medicine,https://www.london-aesthetic-medicine.com/,Dr Uliana Gout,Founder and Medical Director,clinic@london-aesthetic-medicine.com,GENERAL,Main WhatsApp icons use phone=07858668579 (no country code); tel has (0),Header/body WhatsApp icons,Use wa.me/447858668579; tel:+442076375999,£120,https://www.london-aesthetic-medicine.com/,HIGH,Test link on phone before sending; Ltd 08670361
READY,NewLife Aesthetics,https://newlifeaesthetics.co.uk/,Mo Ashraf,Managing Director,info@newlifeaesthetics.co.uk,GENERAL,Book Consultation goes to generic enquiry form with manual reply,"""Book Consultation""",Self-book free consult or instant auto-reply with booking link + follow-up,£240,https://newlifeaesthetics.co.uk/contact/,MEDIUM,JS widget not ruled out; Mo=Musharraf inferred; Ltd 11248596
READY,Vie Aesthetics,https://www.vie-aesthetics.com/,Vicky Grammatikopoulou / Richard Hughes,Founder & CEO / COO,RichardH@vie-aesthetics.com,DIRECT (COO),London and Rayleigh tel: links coded +440...,Header phone list,Correct tel: links; tidy Germany item; add wa.me,£120,https://www.vie-aesthetics.com/,MEDIUM,Some phones auto-correct; also Essex/Germany; Ltd 08726192
READY,The Bronte Clinic,https://thebronteclinic.com/,Dr Fiona McCarthy,Medical Director and Founder,info@thebronteclinic.com,GENERAL,Privacy contact is info@bronte-clinic-old.local; postcode printed WIG 0PW,Privacy policy; address block,Fix email and postcode; check booking form renders,£120,https://thebronteclinic.com/document/privacy-policy/,MEDIUM,Hilaf Limited 11164882 officers unconfirmed (403); form may be JS
VERIFY,City Dermatology Clinic,https://citydermatologyclinic.com/,Dr Andreea Anton (inferred),Consultant Dermatologist,info@citydermatologyclinic.com,GENERAL,All booking CTAs open a callback popup despite fixed £100 consult,Enquire Now,Self-booking for consultations,£240,https://citydermatologyclinic.com/,MEDIUM,Owner inferred; Birmingham and Dubai sites
VERIFY,23MD Clinics,https://23md.co.uk/,Dr Suha Kersh,Co-founder,,none published,No online booking; enquiry forms and phone only,Homepage/contact,Online consult booking,£240,https://23md.co.uk/,MEDIUM,No email; Dubai branch; accounts possibly overdue
VERIFY,Dr Rasha Clinic,https://drrashaclinic.com/,Dr Rasha Rakhshani-Moghadam,Director,info@drrashaclinic.com,GENERAL,finsweet.com placeholder links and # CTA in page source,Nav/Book links,Repoint links,£120,https://drrashaclinic.com/,LOW,Visibility of links unconfirmed
VERIFY,Lesley Leale-Green,https://www.lesleylealegreen.com/,Lesley Leale-Green,Founder,clinic@lesleylealegreen.com,GENERAL,Schedule an Appointment links to itself; phone/WhatsApp not clickable,/booknow,Fix CTA and links,£120,https://www.lesleylealegreen.com/booknow,MEDIUM,Possible sole trader: PECR consent needed
VERIFY,Effect Doctors,https://www.effectdoctors.com/,Medical directors,Directors,info@effectdoctors.com,GENERAL,Book Now 10% Off lands on page with no booking or offer,Homepage hero,Repoint CTA,£120,https://www.effectdoctors.com/,MEDIUM,Borderline ICP; Saudi partner clinics
VERIFY,The Avanti Aesthetics Clinic,https://avantiaesthetics.co.uk/,Dr Rikin Parekh,Medical Director,,protected,Footer booking points to old Pabau URL that didn't load,Footer Book An Appointment,Repoint to current Pabau,£120,https://avantiaesthetics.co.uk/,LOW,No usable email
VERIFY,Expert Medical,https://expertmedical.net/,Sara Dhada Surti,CQC registered manager,info@expertmedical.net,GENERAL,Footer tel: +447700000000 placeholder on one page,/laser-hair-removal footer,Fix tel link,£120,https://expertmedical.net/,LOW,Contradictory fetches; DM not on site
VERIFY,Clinica London,https://www.clinicalondon.co.uk/,Jane Olver,Founder and Medical Director,contact@clinicalondon.co.uk,GENERAL,Book a Consultation leads to callback form,Book a Consultation,Online booking,£240,https://www.clinicalondon.co.uk/,LOW,Triage is legitimate
VERIFY,WY Skin Clinic,https://www.wyskinclinic.com/,Unknown,,info@wyskinclinic.com,GENERAL,Book an Appointment is arrange-later form,Book an Appointment,Online booking,£240,https://www.wyskinclinic.com/,MEDIUM,Owner and company unconfirmed
VERIFY,Dermaperfect,https://www.dermaperfect.co.uk/,Dr Penelope Tympanidis,Founder,,protected,Form missing from source; malformed phone,Contact page,Fix form/phone,£120,https://www.dermaperfect.co.uk/,LOW,Athens clinic; status unconfirmed
VERIFY,The Laser Clinic Group,https://www.thelaserclinicgroup.com/,Unknown,,info@thelaserclinicgroup.com,GENERAL,Book appointment is 24h enquiry form; dropdown omits Hounslow,BOOK APPOINTMENT,Online booking,£240,https://www.thelaserclinicgroup.com/,MEDIUM,No DM; PECR risk
