row,company,website,decision,reason,main_problem,offer,priority,next_check
36,The MW Clinic London,mwcliniclondon.com,Keep,"Independent single-site W1 clinic (29 Weymouth St), founder Dr Meg Minasian","Header link ""WhatsApp: 0800 772 0300"" is coded as href ""tel:WhatsApp:  0800 772 0300"", so it opens neither WhatsApp nor a normal call; ""BOOK CONSULTATION"" goes to a general contact form with no date/time choice","$150 (fix WhatsApp + booking path), upsell $300",10,Tap the WhatsApp link on a phone to confirm it fails; confirm the form's fields
20,PHI Clinic,phiclinic.com,Keep,"Owner-led single Harley St clinic (102 Harley St W1G 7JB), 11-50 staff","Every ""Book Consultation"" CTA goes to a callback form (""Best time to call: Morning/Afternoon/Evening""); no online booking; clinic closed Sat and Sun, so weekend enquiries wait for a call",$300 (self-booking + instant auto-reply / WhatsApp),9,Browser check for any chat widget the fetch could not see
45,Wimpole Aesthetics,wimpoleaesthetics.co.uk,Keep,"Independent single-site Marylebone clinic (48 Wimpole St W1G 8SF), doctors named","""Book a consultation"" is a request form (""an expert will be in touch to arrange your booking"") asking for preferred day/time; no booking system, no prices, no WhatsApp; label typo ""consulation""; marketing checkbox worded ""Un-tick this box if you do not wish to receive this"" (reads as pre-ticked consent)",$300 (online booking or instant confirm + WhatsApp),9,Open in a browser: confirm the marketing box is pre-ticked and no calendar appears
22,Dr Haus Dermatology Clinic,drhausdermatology.com,Keep,Independent single Harley St dermatology + laser clinic since 2010 (75 Harley St W1G 8QL),"No direct booking: ""Enquire Now"" goes to a 9-field enquiry form or a Calendly ""Book a call back"", for consultations from £340; header ""About Us"" links to the Contact page",$300 (bookable consultation slot + shorter form),8,Confirm the enquiry form field count in a browser
30,Avika Aesthetics Clinic,avikaaesthetics.co.uk,Keep,"Small independent, 2 London sites (Marylebone W1G 6BP, Walthamstow E17 7JH)","Footer still ""©2023""; header ""contact"" links to old /contact.php while other links use /contact; only contact number is a mobile (07897020331) with no WhatsApp link; no newsletter or offer","$150 (tidy-up + WhatsApp + lead capture), upsell $300",8,Check the site on mobile; check the booking portal loads
16,The Harper Clinic,theharperclinic.com,Keep,Founder-led single Harley St clinic (39 Harley St W1G 8QH); menopause-led with a skincare & aesthetics line,"All ""Book"" buttons go to a general enquiry form where booking is one dropdown option next to ""Media enquiry""; no fee, hours or response time on the page; footer ""© 2024""",$300 (booking flow + auto-reply),7,Confirm aesthetics is a meaningful revenue line (borderline ICP)
33,Absolute Aesthetics,absoluteaesthetics.co.uk,Keep,"Small independent 2-site practice; London site at One Chapel Place W1G 0BG, main base Guildford","Footer ""©Copyright 2021""; no online booking (enquiry form with a ""Yes I would like to book a consultation"" checkbox); homepage title targets Guildford only","$150 (London page + booking button), upsell $300",7,Confirm the London site is active and who runs it
41,Body SilkTM Clinic,bodysilk.co.uk,Keep,"Single independent clinic, 31 Staplehurst Road SE13 5ND (Hither Green)","Footer ""Copyright 2010-2018""; homepage shows a Login/Register account form but no phone, email or booking link",$500 (rebuild + booking + contact paths),7,"FIRST confirm it is still trading (Google profile, recent reviews)"
8,Montrose London,montroseclinics.com → montroselondon.com,Keep,"Independent single-site Belgravia clinic (19 West Eaton Place SW1X 8LT), doctor-led","Pabau self-booking offered only as ""Existing client booking""; new clients go to /new-patient/ where no calendar was visible; contact email still on old domain (office@montroseclinics.com)",$300 (new-client booking + lead capture),6,Open /new-patient/ in a browser to see the actual new-client step
10,The Cosmetic Skin Clinic,cosmeticskinclinic.com,Keep,"Founder-led (Dr Tracy Mountford); 5 sites incl. 98 Harley St W1G, HQ in Stoke Poges","Four CTAs (""Book a Consultation"", ""Request a Call Back"", ""Contact Us"", ""Get in Touch"") all go to one /contact/ enquiry form; one phone number for all 5 clinics",$300 (per-location booking/routing),6,"Confirm the London clinic is staffed and who decides (group, not London-only)"
23,GHB Clinic (Global Healthcare & Beauty Ltd),ghbclinic.co.uk,Keep,"Small (2-10) single London address, doctor-led","Booking page is headed ""When works for you?"" but the form only asks name, email, mobile, message (no date/time); confirmation text misspelt ""Succesfully""","$150 (make the booking page schedule), upsell $300",6,Check whether 63 Shelton Street WC2H is a treatment clinic or only a registered/virtual address
21,Effect Doctors,effectdoctors.com,Keep,"2 London sites (Soho W1D, Westfield W12); IV drips/HBOT-led with some aesthetics","Hero ""Book Now 10% Off"" lands on the Westfield location page, which (in the fetched page) has no booking link and does not repeat the offer",$150 (fix the offer landing),5,Borderline ICP; check the Westfield page in a browser for a JS booking widget
7,111 Harley St.,111harleystreet.com,Keep,Single-site surgeon-led clinic (ACS Ltd t/a 111 Harley St) since 2001,Paid consultations (£50-£350) can only be requested via a form with preferred call time; three unlabelled phone numbers on the homepage,$300,4,"Large, marketing-mature business: budget likely above this offer"
9,ALTA Medi,altamedi.com,Keep,"Doctor-led; 3 sites (London W1U, Ascot, Beverly Hills)","Contact item labelled for WhatsApp/WeChat links to a WeChat URL (u.wechat.com), no wa.me link; booking split across per-location Phorest/Mangomint links",$150 (WhatsApp link fix),4,International group; confirm a London decision-maker
17,Adonia Medical Clinic,adoniamedicalclinic.co.uk,Keep,"Independent single clinic, 474 Harrow Road W9 3RU","Two booking routes: header goes straight to Zenoti, ""Book Online"" goes to a get-in-touch page first; already uses an agency (Webtools)",$150,3,Low need: digitally mature
29,Omniya Clinic,omniya.co.uk,Keep,Independent single Knightsbridge clinic (3a Montpelier St SW7 1EX),"""Book now"" page leads with a callback form (with Captcha) beside a Semble booking link; no WhatsApp seen",$150,3,Low need: online booking already live
47,The Galen Clinic,thegalenclinic.com → rebornelongevity.com,Keep,Single London clinic (9 Queen Anne St W1G 9HW); now rebranded Reborne Longevity,"All CTAs (""ENQUIRE"", ""CONTACT US"") go to a contact page; no self-booking; old Galen domain redirects",$300,3,Premium membership model may be enquiry-led on purpose; confirm new ownership
25,Vie Aesthetics,vie-aesthetics.com,Keep,"Doctor-led, 2 sites (Holborn WC1X, Rayleigh Essex)",Only gap seen: mobile number listed with no WhatsApp link,$150,2,"Low need: Pabau, brochure, newsletter and app already live"
43,"The Avanti Aesthetics Clinic, Harley Street",avantiaesthetics.co.uk,Keep,"Independent single clinic, 140 New Cavendish St W1W 6YE","""Pricing"" nav link opens the Pabau booking page instead of a price list; two different Pabau booking URLs linked",$150,2,"Low need: booking, WhatsApp and newsletter offer already live"
44,Clinicbe,clinicbe.com,Keep,Founder-led single Knightsbridge clinic (Dr Barbara Kubicka),"Newsletter is a ""Request Newsletter"" link to a contact page instead of an inline sign-up; no WhatsApp next to phone",$150,2,Low need: Pabau booking and prices already live
6,Lisa Franklin London,lisafranklin.london,Check manually,Founder-led London skin/eye clinic per Clay,"Site returned HTTP 401 on every attempt; if real visitors see this too, the site is effectively down",TBD ($150-$500 if the site is broken),,Open lisafranklin.london in a normal browser
18,Tempus Belgravia,tempusbelgravia.co.uk,Check manually,"Belgravia aesthetic clinic, 2-10 staff per Clay","Homepage text had no links, address, phone or email visible to the fetch; could not verify",TBD,,"Open in a browser; find address and where ""See An Expert"" goes"
34,SWISS CARE CLINIC,swiss-care.com (found via WebSearch),Check manually,"North London 4-site operator (Palmers Green, Winchmore Hill, Hadley Wood, Harley St); site found at swiss-care.com","Nav and booking path could not be read; search titles say ""Swiss Aesthetics"", so a rebrand is possible",TBD,,Open swiss-care.com in a browser; confirm brand and booking path
40,Lesley Leale-Green Skin + Laser Clinic,lesleylealegreen.com,Check manually,"South London skin + laser clinic, 70 Dulwich Village per Clay",Site blocks automated fetching; nothing verified,TBD,,Open in a browser
46,The Lovely Clinic,thelovelyclinic.co.uk,Check manually,Knightsbridge/Belgravia medical aesthetics clinic per search titles,Homepage would not load for the fetch tool; nothing verified,TBD,,Open in a browser
1,Clear,getclearapp.com,Reject,"Skincare tracking app (software), not a clinic",,,,
2,Levitas Group,levitasclinic.com,Reject,"Multi-brand medical group (GP, dental, retail, aesthetics on a separate domain), Surrey-weighted",,,,
3,Intuisse,intuisse.com,Reject,Skincare product brand (e-commerce),,,,
4,&BAM,andbam.care,Reject,"Online men's telehealth/product brand, no physical clinic",,,,
5,London Aesthetics U.K. Pakistan Patient Clinic & Doctors Academy,londonaestheticspakistan.com,Reject,Mainly a doctors' training academy (Pakistan offices); site not fetchable,,,,
11,Aesthetics Today,aesthetics.today,Reject,Publisher/blog,,,,
12,The Dental Surgery,thedentalsurgery.co.uk,Reject,"Dentist, owned by Portman Healthcare group",,,,
13,medino,medino.com,Reject,Online pharmacy/retailer,,,,
14,NATURAL FRAGRANCE COMPANY LIMITED,naturalfragrancecompany.co.uk,Reject,Fragrance company (site would not load; name and search results),,,,
15,HarleyDoc,harleydoc.co.uk,Reject,"Private GP/concierge medicine across London, Dubai and Monaco",,,,
19,Define Clinic,defineclinic.com,Reject,"No gap: already has Pabau booking, WhatsApp, GoHighLevel form and newsletter",,,,
24,Melior Clinics,meliorclinics.co.uk,Reject,"Multi-site chain (find-a-clinic directory, 'expanding clinic portfolio'); site not fetchable",,,,
26,Edible Health,ediblehealth.com,Reject,Collagen supplement brand (Shopify),,,,
27,CULTBRANDS (CULTSKIN),cultskin.com,Reject,"4-city chain plus product shop (CULTSKIN, Dr Esho)",,,,
28,The CBD Shop,thecbd.shop,Reject,CBD/vape retailer,,,,
31,The Harley Street Dermatology Clinic,theharleystreetdermatologyclinic.co.uk,Reject,Part of The Dermatology Partnership national network (7 clinics); medical dermatology,,,,
32,Ava Estell,avaestell.com,Reject,Skincare product brand (Shopify),,,,
35,Zen Maitri,zenmaitri.com,Reject,Herbal product retailer,,,,
37,MACOM Medical,macom-medical.com,Reject,Compression garment retailer,,,,
38,Parkside Health,parksidehealth.com,Reject,"Private GP in Ascot/Windlesham, outside London",,,,
39,SOOJIB,soojib.com,Reject,K-pop merchandise retailer,,,,
42,Medovie,medovie.com,Reject,Skincare product brand (redirects to mdvskin.com),,,,
48,VIVASkinClinics,vivaskinclinics.com,Reject,"No gap: 3-site group with Zenoti booking, WhatsApp and new-patient offer",,,,
49,London Dermatology Clinic,londondermatologyclinic.com,Reject,"Closed: site says ""no longer operating""",,,,
50,The Bald Brothers,thebaldbrothers.com,Reject,Skincare product brand,,,,
